From,To,Start,Stop,Status,Duration,Filesize
BILS,FUNET,1456936720.23446,1456936725.05604,0,4.821,104857600
BILS,FUNET,1456937047.59889,1456937296.18132,0,248.582,10485760000
BILS,FUNET,1456937625.93213,1456937748.20098,0,122.268,10485760000
BILS,FUNET,1456938075.18022,1456938224.33578,0,149.155,10485760000
BILS,FUNET,1456938552.10109,1456938664.11997,0,112.018,10485760000
BILS,FUNET,1456939005.9578,1456939109.69545,0,103.737,10485760000
BILS,FUNET,1456939430.56776,1456939608.66295,0,178.095,10485760000
BILS,FUNET,1456939925.80299,1456940026.56153,0,100.758,10485760000
BILS,FUNET,1456940343.07471,1456940495.98196,0,152.907,10485760000
BILS,FUNET,1456940831.12443,1456940935.21363,0,104.089,10485760000
BILS,FUNET,1456941254.34658,1456941384.71259,0,130.366,10485760000
BILS,FUNET,1456941710.8458,1456941827.04763,0,116.201,10485760000
BILS,FUNET,1456942146.57738,1456942292.76877,0,146.191,10485760000
BILS,FUNET,1456942623.32978,1456942766.40144,0,143.071,10485760000
BILS,FUNET,1456943103.92232,1456943219.17841,0,115.256,10485760000
BILS,FUNET,1456943559.35258,1456943702.52638,0,143.173,10485760000
BILS,FUNET,1456944022.75661,1456944138.76486,0,116.008,10485760000
BILS,FUNET,1456944480.07525,1456944626.047,0,145.971,10485760000
BILS,FUNET,1456944954.51983,1456945088.41004,0,133.89,10485760000
BILS,FUNET,1456945417.90096,1456945543.40867,0,125.507,10485760000
BILS,FUNET,1456945876.97008,1456945988.62717,0,111.657,10485760000
BILS,FUNET,1456946329.42595,1456946450.5874,0,121.161,10485760000
BILS,FUNET,1456946793.66117,1456946900.29036,0,106.629,10485760000
BILS,FUNET,1456947220.65363,1456947342.45028,0,121.796,10485760000
BILS,FUNET,1456947678.73642,1456947789.55808,0,110.821,10485760000
BILS,FUNET,1456948120.47814,1456948249.8674,0,129.389,10485760000
BILS,FUNET,1456948571.32178,1456948706.54453,0,135.222,10485760000
BILS,FUNET,1456949045.67126,1456949180.3881,0,134.716,10485760000
BILS,FUNET,1456949508.51359,1456949641.38214,0,132.868,10485760000
BILS,FUNET,1456949974.35053,1456950119.15207,0,144.801,10485760000
BILS,FUNET,1456950439.85934,1456950557.65009,0,117.79,10485760000
BILS,FUNET,1456950892.64022,1456951042.50584,0,149.865,10485760000
BILS,FUNET,1456951386.01084,1456951488.14487,0,102.134,10485760000
BILS,FUNET,1456951823.88637,1456951945.38595,0,121.499,10485760000
BILS,FUNET,1456952266.73424,1456952391.38251,0,124.648,10485760000
BILS,FUNET,1456952718.14113,1456952852.22303,0,134.081,10485760000
BILS,FUNET,1456953172.74197,1456953307.65097,0,134.909,10485760000
BILS,FUNET,1456953625.38999,1456953757.14212,0,131.752,10485760000
BILS,FUNET,1456954075.65272,1456954230.49505,0,154.842,10485760000
BILS,FUNET,1456954547.58056,1456954673.56304,0,125.982,10485760000
BILS,FUNET,1456955004.2643,1456955148.17779,0,143.913,10485760000
BILS,FUNET,1456955473.04209,1456955609.01123,0,135.969,10485760000
BILS,FUNET,1456955951.75116,1456956103.73556,0,151.984,10485760000
BILS,FUNET,1456956437.36721,1456956573.9119,0,136.544,10485760000
BILS,FUNET,1456956893.38069,1456957007.06412,0,113.683,10485760000
BILS,FUNET,1456957333.23684,1456957496.0843,0,162.847,10485760000
BILS,FUNET,1456957818.91277,1456957918.52806,0,99.615,10485760000
BILS,FUNET,1456958257.14499,1456958372.23388,0,115.088,10485760000
BILS,FUNET,1456958701.0729,1456958842.97953,0,141.906,10485760000
BILS,FUNET,1456959169.73545,1456959293.07005,0,123.334,10485760000
BILS,FUNET,1456959626.20183,1456959786.15984,0,159.958,10485760000
BILS,FUNET,1456960104.35376,1456960207.50387,0,103.15,10485760000
BILS,FUNET,1456960550.2451,1456960685.98753,0,135.742,10485760000
BILS,FUNET,1456961015.77024,1456961125.68987,0,109.919,10485760000
BILS,FUNET,1456961471.30525,1456961572.20904,0,100.903,10485760000
BILS,FUNET,1456961912.64069,1456962057.68165,0,145.04,10485760000
BILS,FUNET,1456962392.43619,1456962492.01371,0,99.577,10485760000
BILS,FUNET,1456962807.89437,1456962971.16122,0,163.266,10485760000
BILS,FUNET,1456963286.79333,1456963416.34898,0,129.555,10485760000
BILS,FUNET,1456963736.33704,1456963841.777,0,105.439,10485760000
BILS,FUNET,1456964169.47204,1456964299.80595,0,130.333,10485760000
BILS,FUNET,1456964626.5436,1456964734.19145,0,107.647,10485760000
BILS,FUNET,1456965054.56775,1456965232.31762,0,177.749,10485760000
BILS,FUNET,1456965553.29614,1456965678.97478,0,125.678,10485760000
BILS,FUNET,1456966014.53328,1456966158.88652,0,144.353,10485760000
BILS,FUNET,1456966484.02462,1456966614.65564,0,130.631,10485760000
BILS,FUNET,1456966935.76725,1456967037.52563,0,101.758,10485760000
BILS,FUNET,1456967367.67217,1456967500.14026,0,132.468,10485760000
BILS,FUNET,1456967838.69066,1456967938.57217,0,99.881,10485760000
BILS,FUNET,1456968260.5395,1456968411.41473,0,150.875,10485760000
BILS,FUNET,1456968745.47463,1456968863.42544,0,117.95,10485760000
BILS,FUNET,1456969196.46549,1456969344.04441,0,147.578,10485760000
BILS,FUNET,1456969675.91658,1456969808.26347,0,132.346,10485760000
BILS,FUNET,1456970125.01691,1456970235.33283,0,110.315,10485760000
BILS,FUNET,1456970576.95184,1456970716.43688,0,139.485,10485760000
BILS,FUNET,1456971057.49447,1456971157.36409,0,99.869,10485760000
BILS,FUNET,1456971494.3293,1456971638.72187,0,144.392,10485760000
BILS,FUNET,1456971970.24778,1456972071.92645,0,101.678,10485760000
BILS,FUNET,1456972404.92324,1456972539.99082,0,135.067,10485760000
BILS,FUNET,1456972863.17214,1456972984.94951,0,121.777,10485760000
BILS,FUNET,1456973323.1781,1456973426.87452,0,103.696,10485760000
BILS,FUNET,1456973759.92524,1456973878.32777,0,118.402,10485760000
BILS,FUNET,1456974221.24167,1456974322.46059,0,101.218,10485760000
BILS,FUNET,1456974661.07641,1456974804.19903,0,143.122,10485760000
BILS,FUNET,1456975140.00275,1456975255.91078,0,115.908,10485760000
BILS,FUNET,1456975595.82978,1456975723.65462,0,127.824,10485760000
BILS,FUNET,1456976046.26629,1456976201.72525,0,155.458,10485760000
BILS,FUNET,1456976539.35247,1456976641.34845,0,101.995,10485760000
BILS,FUNET,1456976977.04723,1456977095.32458,0,118.277,10485760000
BILS,FUNET,1456977427.17142,1456977526.44831,0,99.276,10485760000
BILS,FUNET,1456977868.21681,1456977989.63475,0,121.417,10485760000
BILS,FUNET,1456978318.81813,1456978464.50031,0,145.682,10485760000
BILS,FUNET,1456978781.51651,1456978925.29889,0,143.782,10485760000
BILS,FUNET,1456979268.68323,1456979426.39916,0,157.715,10485760000
BILS,FUNET,1456979763.79105,1456979871.41846,0,107.627,10485760000
BILS,FUNET,1456980196.21377,1456980341.47715,0,145.263,10485760000
BILS,FUNET,1457000721.41531,1457000736.58396,0,15.168,1048576000
BILS,FUNET,1457000811.34186,1457000826.97321,0,15.631,1048576000
BILS,FUNET,1457000900.44733,1457000914.29757,0,13.85,1048576000
BILS,FUNET,1457000982.66717,1457000997.56902,0,14.901,1048576000
BILS,FUNET,1457001070.07299,1457001085.0169,0,14.943,1048576000
BILS,FUNET,1457001156.32344,1457001171.03644,0,14.713,1048576000
BILS,FUNET,1457001244.50933,1457001259.30816,0,14.798,1048576000
BILS,FUNET,1457001331.31501,1457001345.39905,0,14.084,1048576000
BILS,FUNET,1457001416.78017,1457001431.65717,0,14.876,1048576000
BILS,FUNET,1457001506.07396,1457001521.52102,0,15.447,1048576000
BILS,FUNET,1457001593.34984,1457001607.93147,0,14.581,1048576000
BILS,FUNET,1457001682.61201,1457001697.48761,0,14.875,1048576000
BILS,FUNET,1457001770.16078,1457001785.14591,0,14.985,1048576000
BILS,FUNET,1457001857.00521,1457001872.11885,0,15.113,1048576000
BILS,FUNET,1457001941.46768,1457001956.24622,0,14.778,1048576000
BILS,FUNET,1457002030.97032,1457002045.9318,0,14.961,1048576000
BILS,FUNET,1457002118.71375,1457002133.24592,0,14.532,1048576000
BILS,FUNET,1457002202.18879,1457002217.5635,0,15.374,1048576000
BILS,FUNET,1457002287.68796,1457002303.49421,0,15.806,1048576000
BILS,FUNET,1457002371.52664,1457002386.54366,0,15.017,1048576000
BILS,FUNET,1457002458.98842,1457002473.67322,0,14.684,1048576000
BILS,FUNET,1457002543.73933,1457002558.68151,0,14.942,1048576000
BILS,FUNET,1457002632.20279,1457002646.87317,0,14.67,1048576000
BILS,FUNET,1457002721.36942,1457002736.40875,0,15.039,1048576000
BILS,FUNET,1457002809.56681,1457002824.72902,0,15.162,1048576000
BILS,FUNET,1457002893.24763,1457002908.67102,0,15.423,1048576000
BILS,FUNET,1457002981.52286,1457002996.81444,0,15.291,1048576000
BILS,FUNET,1457003067.44632,1457003089.17175,0,21.725,1048576000
BILS,FUNET,1457003159.6757,1457003174.26713,0,14.591,1048576000
BILS,FUNET,1457003243.24855,1457003258.10907,0,14.86,1048576000
BILS,FUNET,1457003329.35075,1457003343.81912,0,14.468,1048576000
BILS,FUNET,1457003415.83828,1457003430.61272,0,14.774,1048576000
BILS,FUNET,1457003506.2067,1457003520.87532,0,14.668,1048576000
BILS,FUNET,1457003593.06871,1457003608.0034,0,14.934,1048576000
BILS,FUNET,1457003682.68917,1457003697.97543,0,15.286,1048576000
BILS,FUNET,1457003773.63335,1457003787.67891,0,14.045,1048576000
BILS,FUNET,1457003861.56573,1457003876.42555,0,14.859,1048576000
BILS,FUNET,1457003947.16644,1457003961.58053,0,14.414,1048576000
BILS,FUNET,1457004030.36128,1457004044.62812,0,14.266,1048576000
BILS,FUNET,1457004115.0384,1457004129.43855,0,14.4,1048576000
BILS,FUNET,1457004198.31884,1457004212.79081,0,14.471,1048576000
BILS,FUNET,1457004286.54253,1457004301.11201,0,14.569,1048576000
BILS,FUNET,1457004372.82897,1457004387.37199,0,14.543,1048576000
BILS,FUNET,1457004469.93289,1457004484.67456,0,14.741,1048576000
BILS,FUNET,1457004559.00721,1457004574.08833,0,15.081,1048576000
BILS,FUNET,1457004653.22663,1457004668.47109,0,15.244,1048576000
BILS,FUNET,1457004741.89238,1457004757.79952,0,15.907,1048576000
BILS,FUNET,1457004832.08864,1457004846.98382,0,14.895,1048576000
BILS,FUNET,1457004928.69936,1457004943.27708,0,14.577,1048576000
BILS,FUNET,1457005011.84052,1457005026.80934,0,14.968,1048576000
BILS,FUNET,1457005098.8166,1457005113.28204,0,14.465,1048576000
BILS,FUNET,1457005186.49721,1457005201.08643,0,14.589,1048576000
BILS,FUNET,1457009435.66995,1457009449.49364,0,13.823,1048576000
BILS,FUNET,1457009523.69577,1457009538.54867,0,14.852,1048576000
BILS,FUNET,1457009610.90926,1457009625.15565,0,14.246,1048576000
BILS,FUNET,1457009699.26597,1457009714.30103,0,15.035,1048576000
BILS,FUNET,1457009783.21062,1457009797.53225,0,14.321,1048576000
BILS,FUNET,1457009865.78101,1457009879.66806,0,13.887,1048576000
BILS,FUNET,1457009953.06466,1457009967.75446,0,14.689,1048576000
BILS,FUNET,1457010035.85457,1457010051.62233,0,15.767,1048576000
BILS,FUNET,1457010122.86847,1457010137.52278,0,14.654,1048576000
BILS,FUNET,1457010208.02342,1457010222.56204,0,14.538,1048576000
BILS,FUNET,1457010293.13793,1457010306.8392,0,13.701,1048576000
BILS,FUNET,1457010394.54211,1457010409.34968,0,14.807,1048576000
BILS,FUNET,1457010483.6584,1457010498.34443,0,14.686,1048576000
BILS,FUNET,1457010571.82543,1457010584.85854,0,13.033,1048576000
BILS,FUNET,1457010654.3778,1457010669.09224,0,14.714,1048576000
BILS,FUNET,1457010738.31937,1457010752.47386,0,14.154,1048576000
BILS,FUNET,1457010828.15249,1457010842.43263,0,14.28,1048576000
BILS,FUNET,1457010919.15484,1457010938.57453,0,19.419,1048576000
BILS,FUNET,1457011014.17954,1457011027.41728,0,13.237,1048576000
BILS,FUNET,1457011116.32601,1457011131.03142,0,14.705,1048576000
BILS,FUNET,1457011202.84207,1457011216.67404,0,13.831,1048576000
BILS,FUNET,1457011287.77513,1457011302.43687,0,14.661,1048576000
BILS,FUNET,1457011374.65867,1457011389.63274,0,14.974,1048576000
BILS,FUNET,1457011463.6512,1457011477.94467,0,14.293,1048576000
BILS,FUNET,1457011548.53767,1457011562.87868,0,14.341,1048576000
BILS,FUNET,1457011643.5174,1457011658.59739,0,15.079,1048576000
BILS,FUNET,1457011730.46007,1457011744.07078,0,13.61,1048576000
BILS,FUNET,1457011814.30553,1457011828.27477,0,13.969,1048576000
BILS,FUNET,1457011899.95448,1457011914.32523,0,14.37,1048576000
BILS,FUNET,1457011986.42119,1457012001.27403,0,14.852,1048576000
BILS,FUNET,1457012086.08141,1457012100.54311,0,14.461,1048576000
BILS,FUNET,1457012173.77243,1457012188.94903,0,15.176,1048576000
BILS,FUNET,1457012258.98662,1457012275.29592,0,16.309,1048576000
BILS,FUNET,1457012347.87486,1457012362.33276,0,14.457,1048576000
BILS,FUNET,1457012434.91458,1457012450.07455,0,15.159,1048576000
BILS,FUNET,1457012524.42507,1457012539.19907,0,14.773,1048576000
BILS,FUNET,1457012609.37078,1457012624.21864,0,14.847,1048576000
BILS,FUNET,1457012698.22139,1457012712.50679,0,14.285,1048576000
BILS,FUNET,1457012786.88667,1457012801.8586,0,14.971,1048576000
BILS,FUNET,1457012875.01499,1457012889.22461,0,14.209,1048576000
BILS,FUNET,1457012958.03297,1457012973.84426,0,15.811,1048576000
BILS,FUNET,1457013046.76204,1457013062.13522,0,15.373,1048576000
BILS,FUNET,1457013132.59286,1457013147.00638,0,14.413,1048576000
BILS,FUNET,1457013216.84556,1457013231.10554,0,14.259,1048576000
BILS,FUNET,1457013302.3333,1457013316.62657,0,14.293,1048576000
BILS,FUNET,1457013399.71755,1457013414.24604,0,14.528,1048576000
BILS,FUNET,1457013486.13991,1457013502.24954,0,16.109,1048576000
BILS,FUNET,1457013579.84216,1457013594.06609,0,14.223,1048576000
BILS,FUNET,1457013665.56734,1457013680.34316,0,14.775,1048576000
BILS,FUNET,1457013750.30989,1457013765.72074,0,15.41,1048576000
EBI,BILS,1456750601.27029,1456750645.06979,0,43.799,1048576000
EBI,BILS,1456750635.21337,1456750688.43842,0,53.225,1048576000
EBI,BILS,1456750688.08459,1456750727.89841,0,39.813,1048576000
EBI,BILS,1456750754.85171,1456750797.28479,0,42.433,1048576000
EBI,BILS,1456750939.00202,1456750982.83415,0,43.832,1048576000
EBI,BILS,1456837198.805,1456837799.19889,0,600.393,10485760000
EBI,BILS,1456838835.13214,1456839259.90129,0,424.769,10485760000
EBI,BILS,1456840848.9789,1456841300.42524,0,451.446,10485760000
EBI,BILS,1456841600.59131,1456842046.12685,0,445.535,10485760000
EBI,BILS,1456842106.22089,1456842568.25851,0,462.037,10485760000
EBI,BILS,1456844181.06036,1456844564.17693,0,383.116,10485760000
EBI,BILS,1456844639.52208,1456845072.8016,0,433.279,10485760000
EBI,BILS,1456845147.94542,1456845552.60297,0,404.657,10485760000
EBI,BILS,1456845628.0993,1456846055.47865,0,427.379,10485760000
EBI,BILS,1456846130.34779,1456846533.75787,0,403.41,10485760000
EBI,BILS,1456846807.99067,1456847238.96373,0,430.973,10485760000
EBI,BILS,1456847314.32053,1456847757.65193,0,443.331,10485760000
EBI,BILS,1456847832.8775,1456848236.3235,0,403.446,10485760000
EBI,BILS,1456848311.22498,1456848759.68612,0,448.461,10485760000
EBI,BILS,1456848834.82769,1456849265.3029,0,430.475,10485760000
EBI,BILS,1456849341.07803,1456849758.3544,0,417.276,10485760000
EBI,BILS,1456849834.2345,1456850241.68596,0,407.451,10485760000
EBI,BILS,1456850315.71316,1456850732.46061,0,416.747,10485760000
EBI,BILS,1456850807.6263,1456851259.00257,0,451.376,10485760000
EBI,BILS,1456851334.15618,1456851799.09573,0,464.939,10485760000
EBI,BILS,1456851874.41034,1456852359.71227,0,485.301,10485760000
EBI,BILS,1456852434.97163,1456852927.47761,0,492.505,10485760000
EBI,BILS,1456853002.88929,1456853429.54622,0,426.656,10485760000
EBI,BILS,1456853503.58551,1456853966.5605,0,462.974,10485760000
EBI,BILS,1456854041.62162,1456854484.41569,0,442.794,10485760000
EBI,BILS,1456854559.47073,1456854995.31467,0,435.843,10485760000
EBI,BILS,1456855070.49231,1456855518.38604,0,447.893,10485760000
EBI,BILS,1456855595.07998,1456856071.08508,0,476.005,10485760000
EBI,BILS,1456856147.00974,1456856592.86593,0,445.856,10485760000
EBI,BILS,1456856667.68552,1456857122.40014,0,454.714,10485760000
EBI,BILS,1456857197.49897,1456857629.3732,0,431.874,10485760000
EBI,BILS,1456857705.01032,1456858130.72432,0,425.713,10485760000
EBI,BILS,1456858205.75887,1456858645.78933,0,440.03,10485760000
EBI,BILS,1456858721.71797,1456859161.31557,0,439.597,10485760000
EBI,BILS,1456859236.33398,1456859713.01531,0,476.681,10485760000
EBI,BILS,1456859786.63823,1456860233.0249,0,446.386,10485760000
EBI,BILS,1456860307.74613,1456860753.61001,0,445.863,10485760000
EBI,BILS,1456860828.87236,1456861338.2457,0,509.373,10485760000
EBI,BILS,1456861413.27985,1456861886.23473,0,472.954,10485760000
EBI,BILS,1456861961.96191,1456862437.21508,0,475.253,10485760000
EBI,BILS,1456862512.31018,1456862970.92178,0,458.611,10485760000
EBI,BILS,1456863047.90691,1456863486.56167,0,438.654,10485760000
EBI,BILS,1456863562.02015,1456864020.18245,0,458.162,10485760000
EBI,BILS,1456864097.46687,1456864574.58856,0,477.121,10485760000
EBI,BILS,1456864662.23533,1456865085.23292,0,422.997,10485760000
EBI,BILS,1456865161.34162,1456865610.95325,0,449.611,10485760000
EBI,BILS,1456865684.77417,1456866114.49534,0,429.721,10485760000
EBI,BILS,1456866188.07789,1456866669.76979,0,481.691,10485760000
EBI,BILS,1456866744.638,1456867207.21631,0,462.578,10485760000
EBI,BILS,1456867282.37776,1456867728.71003,0,446.332,10485760000
EBI,BILS,1456867803.75289,1456868258.1577,0,454.404,10485760000
EBI,BILS,1456868333.346,1456868776.41798,0,443.071,10485760000
EBI,BILS,1456868852.09769,1456869278.65484,0,426.557,10485760000
EBI,BILS,1456869353.70548,1456869787.84104,0,434.135,10485760000
EBI,BILS,1456869862.76987,1456870317.61197,0,454.842,10485760000
EBI,BILS,1456870392.71815,1456870785.46032,0,392.742,10485760000
EBI,BILS,1456870859.39833,1456871281.68001,0,422.281,10485760000
EBI,BILS,1456871357.57876,1456871793.58022,0,436.001,10485760000
EBI,BILS,1456871868.07975,1456872303.43013,0,435.35,10485760000
EBI,BILS,1456872378.54429,1456872809.94358,0,431.399,10485760000
EBI,BILS,1456872884.77723,1456873313.24706,0,428.469,10485760000
EBI,BILS,1456873388.74986,1456873817.97712,0,429.227,10485760000
EBI,BILS,1456873892.91686,1456874321.38416,0,428.467,10485760000
EBI,BILS,1456874396.41104,1456874840.46921,0,444.058,10485760000
EBI,BILS,1456874915.3341,1456875321.84219,0,406.508,10485760000
EBI,BILS,1456875397.71069,1456875833.87873,0,436.168,10485760000
EBI,BILS,1456875908.77792,1456876332.08664,0,423.308,10485760000
EBI,BILS,1456876407.14044,1456876851.32581,0,444.185,10485760000
EBI,BILS,1456876926.04867,1456877352.7995,0,426.75,10485760000
EBI,BILS,1456877427.89613,1456877879.76089,0,451.864,10485760000
EBI,BILS,1456877954.73004,1456878391.65231,0,436.922,10485760000
EBI,BILS,1456910180.99234,1456910664.72927,0,483.736,10485760000
EBI,BILS,1456910739.38717,1456911263.16758,0,523.78,10485760000
EBI,BILS,1456911338.40135,1456911873.22466,0,534.823,10485760000
EBI,BILS,1456911948.33817,1456912389.27815,0,440.939,10485760000
EBI,BILS,1456912464.34364,1456912893.29357,0,428.949,10485760000
EBI,BILS,1456912968.58262,1456913420.34237,0,451.759,10485760000
EBI,BILS,1456913494.45526,1456913942.66804,0,448.212,10485760000
EBI,BILS,1456914016.83482,1456914503.21888,0,486.384,10485760000
EBI,BILS,1456914578.56097,1456915030.83427,0,452.273,10485760000
EBI,BILS,1456915107.79184,1456915576.76604,0,468.974,10485760000
EBI,BILS,1456915651.74748,1456916090.29092,0,438.543,10485760000
EBI,BILS,1456916165.20617,1456916566.88599,0,401.679,10485760000
EBI,BILS,1456916642.27082,1456917023.54174,0,381.27,10485760000
EBI,BILS,1456917098.93869,1456917471.69344,0,372.754,10485760000
EBI,BILS,1456917546.93956,1456917906.92393,0,359.984,10485760000
EBI,BILS,1456917982.01902,1456918356.92664,0,374.907,10485760000
EBI,BILS,1456918431.05863,1456918816.74904,0,385.69,10485760000
EBI,BILS,1456918891.85893,1456919265.29033,0,373.431,10485760000
EBI,BILS,1456919340.59148,1456919732.63015,0,392.038,10485760000
EBI,BILS,1456919806.81061,1456920161.40979,0,354.599,10485760000
EBI,BILS,1456920236.68,1456920559.62045,0,322.94,10485760000
EBI,BILS,1456920633.40448,1456920969.27859,0,335.874,10485760000
EBI,BILS,1456921044.63654,1456921404.32601,0,359.689,10485760000
EBI,BILS,1456921478.03915,1456921830.01759,0,351.978,10485760000
EBI,BILS,1456921907.5551,1456922267.7791,0,360.224,10485760000
EBI,BILS,1456922343.03139,1456922735.9086,0,392.877,10485760000
EBI,BILS,1456922811.13376,1456923157.06422,0,345.93,10485760000
EBI,BILS,1456923231.98979,1456923559.46066,0,327.47,10485760000
EBI,BILS,1456923635.59341,1456924016.49744,0,380.904,10485760000
EBI,BILS,1456924090.51423,1456924465.6126,0,375.098,10485760000
EBI,BILS,1456924540.87551,1456924917.56051,0,376.685,10485760000
EBI,BILS,1456924991.3067,1456925322.92235,0,331.615,10485760000
EBI,BILS,1456925397.92539,1456925764.1702,0,366.244,10485760000
EBI,BILS,1456925837.96872,1456926200.67042,0,362.701,10485760000
EBI,BILS,1456926275.8517,1456926674.24175,0,398.39,10485760000
EBI,BILS,1456926749.13311,1456927143.06838,0,393.935,10485760000
EBI,BILS,1456927217.03473,1456927549.04265,0,332.007,10485760000
EBI,BILS,1456927625.31246,1456927999.87825,0,374.565,10485760000
EBI,BILS,1456928075.07831,1456928445.69755,0,370.619,10485760000
EBI,BILS,1456928520.63458,1456928883.97777,0,363.343,10485760000
EBI,BILS,1456928959.26891,1456929339.16647,0,379.897,10485760000
EBI,BILS,1456929412.7657,1456929782.80097,0,370.035,10485760000
EBI,BILS,1456929858.14691,1456930246.47604,0,388.329,10485760000
EBI,BILS,1456930322.34672,1456930709.46935,0,387.122,10485760000
EBI,BILS,1456930785.38336,1456931130.81219,0,345.428,10485760000
EBI,BILS,1456931205.93722,1456931576.19256,0,370.255,10485760000
EBI,BILS,1456931651.3766,1456932005.49956,0,354.122,10485760000
EBI,BILS,1456932080.60306,1456932446.0816,0,365.478,10485760000
EBI,BILS,1456932521.00966,1456932883.65124,0,362.641,10485760000
EBI,BILS,1456932958.93462,1456933321.5867,0,362.652,10485760000
EBI,BILS,1456933397.01266,1456933765.36698,0,368.354,10485760000
EBI,BILS,1456933849.92051,1456934253.33708,0,403.416,10485760000
EBI,BILS,1456934328.39327,1456934663.15467,0,334.761,10485760000
EBI,BILS,1456934738.1127,1456935100.49936,0,362.386,10485760000
EBI,BILS,1456935175.54056,1456935574.09345,0,398.552,10485760000
EBI,BILS,1456935649.11022,1456936004.72862,0,355.618,10485760000
EBI,BILS,1456936634.48434,1456936640.71616,0,6.231,104857600
EBI,BILS,1456936719.32458,1456936723.84846,0,4.523,104857600
EBI,BILS,1456937046.34281,1456937497.41316,0,451.07,10485760000
EBI,BILS,1456937824.72316,1456938243.5012,0,418.778,10485760000
EBI,BILS,1456938574.67749,1456939025.46096,0,450.783,10485760000
EBI,BILS,1456939350.5591,1456939852.88705,0,502.327,10485760000
EBI,BILS,1456940186.22452,1456940668.25538,0,482.03,10485760000
EBI,BILS,1456941002.64405,1456941422.15125,0,419.507,10485760000
EBI,BILS,1456941762.57259,1456942238.2026,0,475.63,10485760000
EBI,BILS,1456942570.39035,1456942982.11074,0,411.72,10485760000
EBI,BILS,1456943323.3088,1456943837.75813,0,514.449,10485760000
EBI,BILS,1456944176.29912,1456944636.88259,0,460.583,10485760000
EBI,BILS,1456944965.04483,1456945519.18215,0,554.137,10485760000
EBI,BILS,1456945840.57456,1456949285.24315,0,3444.668,10485760000
EBI,BILS,1456949607.95716,1456950338.27893,0,730.321,10485760000
EBI,BILS,1456950659.52246,1456951105.80676,0,446.284,10485760000
EBI,BILS,1456951448.70232,1456951956.30976,0,507.607,10485760000
EBI,BILS,1456952271.19819,1456952800.49752,0,529.299,10485760000
EBI,BILS,1456953126.69086,1456953664.34059,0,537.649,10485760000
EBI,BILS,1456954000.07773,1456954453.741,0,453.663,10485760000
EBI,BILS,1456954792.09102,1456955246.15756,0,454.066,10485760000
EBI,BILS,1456955588.64816,1456956069.82141,0,481.173,10485760000
EBI,BILS,1456956400.3306,1456956867.60384,0,467.273,10485760000
EBI,BILS,1456957215.92885,1456957607.6424,0,391.713,10485760000
EBI,BILS,1456957925.87809,1456958329.93435,0,404.056,10485760000
EBI,BILS,1456958671.14279,1456959183.40198,0,512.259,10485760000
EBI,BILS,1456959517.059,1456959970.39293,0,453.333,10485760000
EBI,BILS,1456960298.63022,1456960710.82886,0,412.198,10485760000
EBI,BILS,1456961033.77449,1456961447.59492,0,413.82,10485760000
EBI,BILS,1456961774.22713,1456962233.59523,0,459.368,10485760000
EBI,BILS,1456962551.85706,1456962959.61924,0,407.762,10485760000
EBI,BILS,1456963295.16206,1456963757.01439,0,461.852,10485760000
EBI,BILS,1456964094.47447,1456964515.34066,0,420.866,10485760000
EBI,BILS,1456964845.98725,1456965299.37952,0,453.392,10485760000
EBI,BILS,1456965633.49146,1456966114.06066,0,480.569,10485760000
EBI,BILS,1456966435.88625,1456966897.89451,0,462.008,10485760000
EBI,BILS,1456967236.17243,1456967697.61713,0,461.444,10485760000
EBI,BILS,1456968018.77714,1456968541.1031,0,522.325,10485760000
EBI,BILS,1456968886.95537,1456969353.90786,0,466.952,10485760000
EBI,BILS,1456969680.97577,1456970119.49794,0,438.522,10485760000
EBI,BILS,1456970445.27795,1456970904.53967,0,459.261,10485760000
EBI,BILS,1456971229.12239,1456971690.42059,0,461.298,10485760000
EBI,BILS,1456972034.96567,1456972498.85094,0,463.885,10485760000
EBI,BILS,1456972836.58911,1456973292.79462,0,456.205,10485760000
EBI,BILS,1456973623.60793,1456974065.63863,0,442.03,10485760000
EBI,BILS,1456974391.92448,1456974829.93941,0,438.014,10485760000
EBI,BILS,1456975178.36923,1456975629.94446,0,451.575,10485760000
EBI,BILS,1456975957.83716,1456976389.74599,0,431.908,10485760000
EBI,BILS,1456976735.3671,1456977180.71001,0,445.342,10485760000
EBI,BILS,1456977505.98465,1456977959.05403,0,453.069,10485760000
EBI,BILS,1456978301.90064,1456978705.99923,0,404.098,10485760000
EBI,BILS,1456979033.93042,1456979510.68379,0,476.753,10485760000
EBI,BILS,1456979830.58222,1456980297.13838,0,466.556,10485760000
EBI,BILS,1457000719.08277,1457000773.95639,0,54.873,1048576000
EBI,BILS,1457000844.95526,1457000874.81568,0,29.86,1048576000
EBI,BILS,1457000948.09196,1457000969.39602,0,21.304,1048576000
EBI,BILS,1457001042.85728,1457001078.72922,0,35.871,1048576000
EBI,BILS,1457001148.30419,1457001191.75662,0,43.452,1048576000
EBI,BILS,1457001264.13013,1457001303.61711,0,39.486,1048576000
EBI,BILS,1457001373.77456,1457001395.96893,0,22.194,1048576000
EBI,BILS,1457001467.41057,1457001512.77461,0,45.364,1048576000
EBI,BILS,1457001582.73306,1457001626.88097,0,44.147,1048576000
EBI,BILS,1457001698.60273,1457001741.69852,0,43.095,1048576000
EBI,BILS,1457001809.93052,1457001837.41061,0,27.48,1048576000
EBI,BILS,1457001909.75905,1457001948.32936,0,38.57,1048576000
EBI,BILS,1457002017.69179,1457002046.27583,0,28.584,1048576000
EBI,BILS,1457002122.51101,1457002168.015,0,45.503,1048576000
EBI,BILS,1457002241.08655,1457002265.49515,0,24.408,1048576000
EBI,BILS,1457002334.47232,1457002364.65963,0,30.187,1048576000
EBI,BILS,1457002435.37046,1457002474.43595,0,39.065,1048576000
EBI,BILS,1457002545.94274,1457002589.2264,0,43.283,1048576000
EBI,BILS,1457002659.96277,1457002700.75011,0,40.787,1048576000
EBI,BILS,1457002768.65933,1457002801.95591,0,33.296,1048576000
EBI,BILS,1457002875.08179,1457002922.02067,0,46.938,1048576000
EBI,BILS,1457002993.16935,1457003046.16313,0,52.993,1048576000
EBI,BILS,1457003115.26968,1457003156.27996,0,41.01,1048576000
EBI,BILS,1457003226.98258,1457003246.32712,0,19.344,1048576000
EBI,BILS,1457003318.37254,1457003349.03131,0,30.658,1048576000
EBI,BILS,1457003417.98247,1457003458.10651,0,40.124,1048576000
EBI,BILS,1457003526.68438,1457003561.70741,0,35.023,1048576000
EBI,BILS,1457003631.62685,1457003668.10201,0,36.475,1048576000
EBI,BILS,1457003738.27373,1457003770.57807,0,32.304,1048576000
EBI,BILS,1457003844.92011,1457003882.73438,0,37.814,1048576000
EBI,BILS,1457003953.83785,1457003998.93726,0,45.099,1048576000
EBI,BILS,1457004068.25149,1457004100.61871,0,32.367,1048576000
EBI,BILS,1457004169.58564,1457004200.96211,0,31.376,1048576000
EBI,BILS,1457004271.37975,1457004298.51812,0,27.138,1048576000
EBI,BILS,1457004370.54836,1457004424.47733,0,53.928,1048576000
EBI,BILS,1457004493.93279,1457004526.5059,0,32.573,1048576000
EBI,BILS,1457004594.69731,1457004624.20831,0,29.51,1048576000
EBI,BILS,1457004696.71444,1457004724.31341,0,27.598,1048576000
EBI,BILS,1457004795.54783,1457004850.63391,0,55.086,1048576000
EBI,BILS,1457004923.38679,1457004955.94125,0,32.554,1048576000
EBI,BILS,1457005025.21328,1457005127.83865,0,102.625,1048576000
EBI,BILS,1457009433.08118,1457009492.86202,0,59.78,1048576000
EBI,BILS,1457009563.09162,1457009605.74105,0,42.649,1048576000
EBI,BILS,1457009678.03527,1457009708.61259,0,30.577,1048576000
EBI,BILS,1457009777.38288,1457009825.91248,0,48.529,1048576000
EBI,BILS,1457009912.85578,1457009947.7094,0,34.853,1048576000
EBI,BILS,1457010020.69721,1457010046.22649,0,25.529,1048576000
EBI,BILS,1457010117.32473,1457010146.66132,0,29.336,1048576000
EBI,BILS,1457010218.25036,1457010260.53081,0,42.28,1048576000
EBI,BILS,1457010330.36395,1457010360.58494,0,30.22,1048576000
EBI,BILS,1457010432.63726,1457010468.18562,0,35.548,1048576000
EBI,BILS,1457010539.79084,1457010573.88653,0,34.095,1048576000
EBI,BILS,1457010655.24484,1457010701.16,0,45.915,1048576000
EBI,BILS,1457010769.97325,1457010795.83375,0,25.86,1048576000
EBI,BILS,1457010865.7808,1457010888.69891,0,22.918,1048576000
EBI,BILS,1457010959.82923,1457010978.36028,0,18.531,1048576000
EBI,BILS,1457011049.68397,1457011080.69363,0,31.009,1048576000
EBI,BILS,1457011150.19067,1457011197.81,0,47.619,1048576000
EBI,BILS,1457011267.0341,1457011305.95605,0,38.921,1048576000
EBI,BILS,1457011374.77381,1457011426.272,0,51.498,1048576000
EBI,BILS,1457011498.26607,1457011557.85762,0,59.591,1048576000
EBI,BILS,1457011630.05387,1457011668.21855,0,38.164,1048576000
EBI,BILS,1457011739.62379,1457011798.11758,0,58.493,1048576000
EBI,BILS,1457011867.26296,1457011914.8862,0,47.623,1048576000
EBI,BILS,1457011985.9544,1457012020.87835,0,34.923,1048576000
EBI,BILS,1457012095.5193,1457012146.07787,0,50.558,1048576000
EBI,BILS,1457012218.06048,1457012257.49772,0,39.437,1048576000
EBI,BILS,1457012327.65777,1457012389.35578,0,61.698,1048576000
EBI,BILS,1457012461.37722,1457012510.14208,0,48.764,1048576000
EBI,BILS,1457012582.4122,1457012617.85375,0,35.441,1048576000
EBI,BILS,1457012690.81505,1457012737.46795,0,46.652,1048576000
EBI,BILS,1457012811.55531,1457012848.87888,0,37.323,1048576000
EBI,BILS,1457012919.98839,1457012962.52994,0,42.541,1048576000
EBI,BILS,1457013035.8148,1457013091.76506,0,55.95,1048576000
EBI,BILS,1457013161.39882,1457013191.13,0,29.731,1048576000
EBI,BILS,1457013262.99157,1457013294.11363,0,31.122,1048576000
EBI,BILS,1457013362.2006,1457013398.16143,0,35.96,1048576000
EBI,BILS,1457013468.00299,1457013500.03059,0,32.027,1048576000
EBI,BILS,1457013576.43594,1457013622.86558,0,46.429,1048576000
EBI,BILS,1457013696.72215,1457013736.07602,0,39.353,1048576000
EBI,FUNET,1456936578.84266,1456936586.65401,0,7.811,104857600
EBI,FUNET,1456936634.68357,1456936642.41227,0,7.728,104857600
EBI,FUNET,1456936718.55526,1456936725.82975,0,7.274,104857600
EBI,FUNET,1456937046.2114,1456937234.62412,0,188.412,10485760000
EBI,FUNET,1456937573.6377,1456937792.34715,0,218.709,10485760000
EBI,FUNET,1456938127.97449,1456938329.71393,0,201.739,10485760000
EBI,FUNET,1456938668.67889,1456938864.80894,0,196.13,10485760000
EBI,FUNET,1456939186.58192,1456939385.10124,0,198.519,10485760000
EBI,FUNET,1456939713.33301,1456939975.01299,0,261.679,10485760000
EBI,FUNET,1456940308.38905,1456940519.63441,0,211.245,10485760000
EBI,FUNET,1456940841.81802,1456941034.79464,0,192.976,10485760000
EBI,FUNET,1456941380.90754,1456941582.91622,0,202.008,10485760000
EBI,FUNET,1456941913.57815,1456942143.15048,0,229.572,10485760000
EBI,FUNET,1456942473.19994,1456942682.42456,0,209.224,10485760000
EBI,FUNET,1456943001.61826,1456943241.63463,0,240.016,10485760000
EBI,FUNET,1456943579.89252,1456943795.06598,0,215.173,10485760000
EBI,FUNET,1456944118.71991,1456944325.72167,0,207.001,10485760000
EBI,FUNET,1456944664.90203,1456944880.26395,0,215.361,10485760000
EBI,FUNET,1456945201.67273,1456945642.159,0,440.486,10485760000
EBI,FUNET,1456945975.53864,1456949042.42278,0,3066.884,10485760000
EBI,FUNET,1456949380.15814,1456950134.76127,0,754.603,10485760000
EBI,FUNET,1456950453.21509,1456950654.99138,0,201.776,10485760000
EBI,FUNET,1456950982.20141,1456951178.69318,0,196.491,10485760000
EBI,FUNET,1456951501.06614,1456951737.64077,0,236.574,10485760000
EBI,FUNET,1456952070.7897,1456952266.01901,0,195.229,10485760000
EBI,FUNET,1456952594.08122,1456952827.59179,0,233.51,10485760000
EBI,FUNET,1456953170.14318,1456953377.5081,0,207.364,10485760000
EBI,FUNET,1456953712.94195,1456953913.15314,0,200.211,10485760000
EBI,FUNET,1456954248.30587,1456954474.0087,0,225.702,10485760000
EBI,FUNET,1456954806.05943,1456955000.72125,0,194.661,10485760000
EBI,FUNET,1456955334.07813,1456955526.86101,0,192.782,10485760000
EBI,FUNET,1456955846.80886,1456956048.76916,0,201.96,10485760000
EBI,FUNET,1456956373.77437,1456956551.36162,0,177.587,10485760000
EBI,FUNET,1456956881.77711,1456957067.44975,0,185.672,10485760000
EBI,FUNET,1456957397.97717,1456957610.99398,0,213.016,10485760000
EBI,FUNET,1456957955.039,1456958136.81313,0,181.774,10485760000
EBI,FUNET,1456958460.31869,1456958661.09062,0,200.771,10485760000
EBI,FUNET,1456958982.27515,1456959236.82935,0,254.554,10485760000
EBI,FUNET,1456959558.03683,1456959741.23674,0,183.199,10485760000
EBI,FUNET,1456960080.14761,1456960270.08104,0,189.933,10485760000
EBI,FUNET,1456960593.62764,1456960805.23426,0,211.606,10485760000
EBI,FUNET,1456961144.20094,1456961332.83901,0,188.638,10485760000
EBI,FUNET,1456961657.37335,1456961842.48335,0,185.109,10485760000
EBI,FUNET,1456962172.21339,1456962367.19973,0,194.986,10485760000
EBI,FUNET,1456962695.64288,1456962904.65822,0,209.015,10485760000
EBI,FUNET,1456963247.47807,1456963446.57193,0,199.093,10485760000
EBI,FUNET,1456963775.77412,1456963988.78592,0,213.011,10485760000
EBI,FUNET,1456964307.92973,1456964533.94793,0,226.018,10485760000
EBI,FUNET,1456964865.87628,1456965057.57144,0,191.695,10485760000
EBI,FUNET,1456965401.3793,1456965604.10568,0,202.726,10485760000
EBI,FUNET,1456965925.62927,1456966148.78236,0,223.153,10485760000
EBI,FUNET,1456966465.78349,1456966674.56708,0,208.783,10485760000
EBI,FUNET,1456967018.93188,1456967221.80673,0,202.874,10485760000
EBI,FUNET,1456967539.52458,1456967743.32215,0,203.797,10485760000
EBI,FUNET,1456968070.387,1456968291.18595,0,220.798,10485760000
EBI,FUNET,1456968636.40299,1456968823.24406,0,186.841,10485760000
EBI,FUNET,1456969140.4773,1456969336.37677,0,195.899,10485760000
EBI,FUNET,1456969665.19035,1456969873.71541,0,208.525,10485760000
EBI,FUNET,1456970204.97702,1456970406.89196,0,201.914,10485760000
EBI,FUNET,1456970739.51153,1456970937.02518,0,197.513,10485760000
EBI,FUNET,1456971266.63438,1456971448.79493,0,182.16,10485760000
EBI,FUNET,1456971795.21527,1456971999.11996,0,203.904,10485760000
EBI,FUNET,1456972337.64822,1456972517.43182,0,179.783,10485760000
EBI,FUNET,1456972860.47952,1456973035.76958,0,175.29,10485760000
EBI,FUNET,1456973376.03345,1456973555.23768,0,179.204,10485760000
EBI,FUNET,1456973888.48885,1456974069.55047,0,181.061,10485760000
EBI,FUNET,1456974408.85636,1456974607.55452,0,198.698,10485760000
EBI,FUNET,1456974938.98436,1456975143.32414,0,204.339,10485760000
EBI,FUNET,1456975460.62738,1456975667.77135,0,207.143,10485760000
EBI,FUNET,1456976001.51247,1456976211.94376,0,210.431,10485760000
EBI,FUNET,1456976529.89615,1456976731.5514,0,201.655,10485760000
EBI,FUNET,1456977071.08037,1456977249.23332,0,178.152,10485760000
EBI,FUNET,1456977591.35871,1456977780.64801,0,189.289,10485760000
EBI,FUNET,1456978113.6723,1456978308.91497,0,195.242,10485760000
EBI,FUNET,1456978624.01451,1456978820.77432,0,196.759,10485760000
EBI,FUNET,1456979158.49734,1456979355.2579,0,196.76,10485760000
EBI,FUNET,1456979692.77451,1456979887.58499,0,194.81,10485760000
EBI,FUNET,1456980230.45519,1456980417.19814,0,186.742,10485760000
EBI,FUNET,1457000719.17757,1457000745.84099,0,26.663,1048576000
EBI,FUNET,1457000818.40037,1457000842.3785,0,23.978,1048576000
EBI,FUNET,1457000920.66789,1457000945.66925,0,25.001,1048576000
EBI,FUNET,1457001016.83983,1457001040.41885,0,23.579,1048576000
EBI,FUNET,1457001108.8741,1457001134.35489,0,25.48,1048576000
EBI,FUNET,1457001206.65838,1457001231.054,0,24.395,1048576000
EBI,FUNET,1457001303.10701,1457001328.54813,0,25.441,1048576000
EBI,FUNET,1457001399.00616,1457001426.11283,0,27.106,1048576000
EBI,FUNET,1457001497.93119,1457001522.42221,0,24.491,1048576000
EBI,FUNET,1457001590.62741,1457001619.20957,0,28.582,1048576000
EBI,FUNET,1457001690.24284,1457001716.60776,0,26.364,1048576000
EBI,FUNET,1457001787.07089,1457001814.80227,0,27.731,1048576000
EBI,FUNET,1457001886.15062,1457001911.1089,0,24.958,1048576000
EBI,FUNET,1457001983.48316,1457002008.14962,0,24.666,1048576000
EBI,FUNET,1457002079.53088,1457002104.05834,0,24.527,1048576000
EBI,FUNET,1457002177.63052,1457002204.26244,0,26.631,1048576000
EBI,FUNET,1457002273.63381,1457002307.49605,0,33.862,1048576000
EBI,FUNET,1457002376.38819,1457002402.12229,0,25.734,1048576000
EBI,FUNET,1457002473.74056,1457002499.43671,0,25.696,1048576000
EBI,FUNET,1457002575.73434,1457002600.96451,0,25.23,1048576000
EBI,FUNET,1457002670.05252,1457002695.75388,0,25.701,1048576000
EBI,FUNET,1457002765.7542,1457002796.0731,0,30.318,1048576000
EBI,FUNET,1457002868.26166,1457002893.95759,0,25.695,1048576000
EBI,FUNET,1457002967.16195,1457002991.02452,0,23.862,1048576000
EBI,FUNET,1457003059.5699,1457003105.31471,0,45.744,1048576000
EBI,FUNET,1457003180.36252,1457003204.00678,0,23.644,1048576000
EBI,FUNET,1457003273.20559,1457003298.76993,0,25.564,1048576000
EBI,FUNET,1457003373.33112,1457003398.902,0,25.57,1048576000
EBI,FUNET,1457003471.55243,1457003504.71636,0,33.163,1048576000
EBI,FUNET,1457003577.21273,1457003604.43529,0,27.222,1048576000
EBI,FUNET,1457003677.78216,1457003702.8789,0,25.096,1048576000
EBI,FUNET,1457003771.72904,1457003799.32049,0,27.591,1048576000
EBI,FUNET,1457003869.2025,1457003894.30393,0,25.101,1048576000
EBI,FUNET,1457003964.09468,1457003988.23379,0,24.139,1048576000
EBI,FUNET,1457004058.56241,1457004069.79115,256,11.228,1048576000
EBI,FUNET,1457004141.24565,1457004165.85854,0,24.612,1048576000
EBI,FUNET,1457004240.15937,1457004265.95411,0,25.794,1048576000
EBI,FUNET,1457004337.1142,1457004365.52235,0,28.408,1048576000
EBI,FUNET,1457004439.68006,1457004466.3141,0,26.634,1048576000
EBI,FUNET,1457004537.54778,1457004563.24005,0,25.692,1048576000
EBI,FUNET,1457004635.28727,1457004663.4956,0,28.208,1048576000
EBI,FUNET,1457004736.08829,1457004758.93984,0,22.851,1048576000
EBI,FUNET,1457004831.46124,1457004864.91779,0,33.456,1048576000
EBI,FUNET,1457004938.33702,1457004972.85983,0,34.522,1048576000
EBI,FUNET,1457005046.58156,1457005077.12493,0,30.543,1048576000
EBI,FUNET,1457005149.99026,1457005174.65401,0,24.663,1048576000
EBI,FUNET,1457009433.24845,1457009461.23927,0,27.99,1048576000
EBI,FUNET,1457009531.31404,1457009556.52649,0,25.212,1048576000
EBI,FUNET,1457009629.21065,1457009651.20384,0,21.993,1048576000
EBI,FUNET,1457009726.43012,1457009749.30653,0,22.876,1048576000
EBI,FUNET,1457009822.65683,1457009845.44346,0,22.786,1048576000
EBI,FUNET,1457009914.54546,1457009938.97236,0,24.426,1048576000
EBI,FUNET,1457010011.56956,1457010036.47678,0,24.907,1048576000
EBI,FUNET,1457010113.81689,1457010142.34977,0,28.532,1048576000
EBI,FUNET,1457010218.768,1457010243.48597,0,24.717,1048576000
EBI,FUNET,1457010313.75765,1457010338.5749,0,24.817,1048576000
EBI,FUNET,1457010411.09038,1457010441.62684,0,30.536,1048576000
EBI,FUNET,1457010515.19832,1457010539.49388,0,24.295,1048576000
EBI,FUNET,1457010610.45992,1457010633.85621,0,23.396,1048576000
EBI,FUNET,1457010702.53371,1457010726.34888,0,23.815,1048576000
EBI,FUNET,1457010806.58292,1457010830.96874,0,24.385,1048576000
EBI,FUNET,1457010905.89942,1457010930.06891,0,24.169,1048576000
EBI,FUNET,1457011013.77528,1457011037.57679,0,23.801,1048576000
EBI,FUNET,1457011110.14285,1457011138.95622,0,28.813,1048576000
EBI,FUNET,1457011211.5354,1457011238.30862,0,26.773,1048576000
EBI,FUNET,1457011311.91014,1457011341.03622,0,29.126,1048576000
EBI,FUNET,1457011416.5517,1457011445.18919,0,28.637,1048576000
EBI,FUNET,1457011516.48745,1457011545.32102,0,28.833,1048576000
EBI,FUNET,1457011622.09839,1457011651.48758,0,29.389,1048576000
EBI,FUNET,1457011721.19009,1457011757.63398,0,36.443,1048576000
EBI,FUNET,1457011831.29575,1457011860.75909,0,29.463,1048576000
EBI,FUNET,1457011932.23266,1457011963.64514,0,31.412,1048576000
EBI,FUNET,1457012034.21476,1457012065.38969,0,31.174,1048576000
EBI,FUNET,1457012139.44256,1457012174.08004,0,34.637,1048576000
EBI,FUNET,1457012244.63463,1457012273.29699,0,28.662,1048576000
EBI,FUNET,1457012344.09431,1457012376.19645,0,32.102,1048576000
EBI,FUNET,1457012445.2591,1457012475.6152,0,30.356,1048576000
EBI,FUNET,1457012546.29925,1457012571.39082,0,25.091,1048576000
EBI,FUNET,1457012641.32408,1457012667.26149,0,25.937,1048576000
EBI,FUNET,1457012735.42887,1457012766.52748,0,31.098,1048576000
EBI,FUNET,1457012838.40977,1457012864.89717,0,26.487,1048576000
EBI,FUNET,1457012933.94814,1457012962.4452,0,28.497,1048576000
EBI,FUNET,1457013035.47422,1457013064.4962,0,29.021,1048576000
EBI,FUNET,1457013135.61585,1457013163.90629,0,28.29,1048576000
EBI,FUNET,1457013232.96487,1457013262.10798,0,29.143,1048576000
EBI,FUNET,1457013331.52285,1457013359.66956,0,28.146,1048576000
EBI,FUNET,1457013430.1543,1457013469.30326,0,39.148,1048576000
EBI,FUNET,1457013539.0999,1457013566.31756,0,27.217,1048576000
EBI,FUNET,1457013635.2577,1457013662.9318,0,27.674,1048576000
EBI,FUNET,1457013737.02275,1457013765.08159,0,28.058,1048576000
FUNET,BILS,1456936721.22404,1456936725.79911,0,4.575,104857600
FUNET,BILS,1456937048.76125,1456937205.69353,0,156.932,10485760000
FUNET,BILS,1456937530.34373,1456937646.41777,0,116.074,10485760000
FUNET,BILS,1456937968.33072,1456938093.60908,0,125.278,10485760000
FUNET,BILS,1456938425.9652,1456938526.77686,0,100.811,10485760000
FUNET,BILS,1456938863.14675,1456938989.35003,0,126.203,10485760000
FUNET,BILS,1456939335.34911,1456939466.04699,0,130.697,10485760000
FUNET,BILS,1456939780.55702,1456939911.54006,0,130.983,10485760000
FUNET,BILS,1456940238.09303,1456940366.9654,0,128.872,10485760000
FUNET,BILS,1456940711.26669,1456940820.52162,0,109.254,10485760000
FUNET,BILS,1456941143.6847,1456941267.90995,0,124.225,10485760000
FUNET,BILS,1456941591.53322,1456941714.66054,0,123.127,10485760000
FUNET,BILS,1456942049.44449,1456942193.86243,0,144.417,10485760000
FUNET,BILS,1456942511.76778,1456942653.79339,0,142.025,10485760000
FUNET,BILS,1456942985.96231,1456943117.48182,0,131.519,10485760000
FUNET,BILS,1456943466.01753,1456943585.51197,0,119.494,10485760000
FUNET,BILS,1456943929.84664,1456944039.7054,0,109.858,10485760000
FUNET,BILS,1456944386.04364,1456944509.22783,0,123.184,10485760000
FUNET,BILS,1456944852.98147,1456944974.72137,0,121.739,10485760000
FUNET,BILS,1456945308.86551,1456945444.3694,0,135.503,10485760000
FUNET,BILS,1456945774.65035,1456945884.55903,0,109.908,10485760000
FUNET,BILS,1456946214.31355,1456946344.66509,0,130.351,10485760000
FUNET,BILS,1456946669.93302,1456946791.84584,0,121.912,10485760000
FUNET,BILS,1456947115.34046,1456947237.37234,0,122.031,10485760000
FUNET,BILS,1456947562.06664,1456947684.49904,0,122.432,10485760000
FUNET,BILS,1456948007.39375,1456948146.38531,0,138.991,10485760000
FUNET,BILS,1456948480.65721,1456948609.6332,0,128.975,10485760000
FUNET,BILS,1456948939.1837,1456949081.39678,0,142.213,10485760000
FUNET,BILS,1456949411.27584,1456949549.16526,0,137.889,10485760000
FUNET,BILS,1456949868.43297,1456950015.06133,0,146.628,10485760000
FUNET,BILS,1456950344.03502,1456950456.42103,0,112.386,10485760000
FUNET,BILS,1456950797.18439,1456950925.45744,0,128.273,10485760000
FUNET,BILS,1456951248.84134,1456951359.79867,0,110.957,10485760000
FUNET,BILS,1456951680.57311,1456951817.39378,0,136.82,10485760000
FUNET,BILS,1456952137.95618,1456952280.07828,0,142.122,10485760000
FUNET,BILS,1456952596.41457,1456952740.64435,0,144.229,10485760000
FUNET,BILS,1456953070.08044,1456953184.41189,0,114.331,10485760000
FUNET,BILS,1456953525.26017,1456953651.25982,0,125.999,10485760000
FUNET,BILS,1456953989.61528,1456954113.866,0,124.25,10485760000
FUNET,BILS,1456954447.61109,1456954573.8072,0,126.196,10485760000
FUNET,BILS,1456954898.51083,1456955044.46711,0,145.956,10485760000
FUNET,BILS,1456955374.18671,1456955519.88479,0,145.698,10485760000
FUNET,BILS,1456955838.65769,1456955990.22381,0,151.566,10485760000
FUNET,BILS,1456956319.85313,1456956443.72744,0,123.874,10485760000
FUNET,BILS,1456956780.43939,1456956903.56068,0,123.121,10485760000
FUNET,BILS,1456957240.74345,1456957360.44097,0,119.697,10485760000
FUNET,BILS,1456957680.09869,1456957778.74716,0,98.648,10485760000
FUNET,BILS,1456958120.10769,1456958245.84175,0,125.734,10485760000
FUNET,BILS,1456958584.91828,1456958723.69226,0,138.773,10485760000
FUNET,BILS,1456959047.04155,1456959193.37028,0,146.328,10485760000
FUNET,BILS,1456959519.63012,1456959662.3831,0,142.752,10485760000
FUNET,BILS,1456959982.0125,1456960082.17233,0,100.159,10485760000
FUNET,BILS,1456960431.44383,1456960551.43634,0,119.992,10485760000
FUNET,BILS,1456960887.58144,1456960989.57822,0,101.996,10485760000
FUNET,BILS,1456961328.05776,1456961449.36408,0,121.306,10485760000
FUNET,BILS,1456961778.15427,1456961915.71445,0,137.56,10485760000
FUNET,BILS,1456962248.66346,1456962381.00078,0,132.337,10485760000
FUNET,BILS,1456962705.13155,1456962848.67789,0,143.546,10485760000
FUNET,BILS,1456963173.74254,1456963282.99798,0,109.255,10485760000
FUNET,BILS,1456963608.53678,1456963724.75828,0,116.221,10485760000
FUNET,BILS,1456964051.11642,1456964163.0156,0,111.899,10485760000
FUNET,BILS,1456964512.23306,1456964623.54817,0,111.315,10485760000
FUNET,BILS,1456964970.9934,1456965108.59551,0,137.602,10485760000
FUNET,BILS,1456965439.98966,1456965575.87133,0,135.881,10485760000
FUNET,BILS,1456965902.37367,1456966041.22095,0,138.847,10485760000
FUNET,BILS,1456966357.83197,1456966466.89253,0,109.06,10485760000
FUNET,BILS,1456966812.05427,1456966929.33467,0,117.28,10485760000
FUNET,BILS,1456967263.55541,1456967386.24384,0,122.688,10485760000
FUNET,BILS,1456967708.09218,1456967825.69707,0,117.604,10485760000
FUNET,BILS,1456968164.67429,1456968307.28706,0,142.612,10485760000
FUNET,BILS,1456968628.65887,1456968764.78052,0,136.121,10485760000
FUNET,BILS,1456969096.42555,1456969237.77906,0,141.353,10485760000
FUNET,BILS,1456969580.661,1456969683.37664,0,102.715,10485760000
FUNET,BILS,1456970012.00708,1456970132.85904,0,120.851,10485760000
FUNET,BILS,1456970464.16903,1456970589.66599,0,125.496,10485760000
FUNET,BILS,1456970929.72034,1456971038.62556,0,108.905,10485760000
FUNET,BILS,1456971366.69641,1456971504.79867,0,138.102,10485760000
FUNET,BILS,1456971824.04211,1456971955.36877,0,131.326,10485760000
FUNET,BILS,1456972290.68524,1456972429.91145,0,139.226,10485760000
FUNET,BILS,1456972750.22031,1456972859.55404,0,109.333,10485760000
FUNET,BILS,1456973199.88325,1456973313.20127,0,113.318,10485760000
FUNET,BILS,1456973632.64897,1456973750.62422,0,117.975,10485760000
FUNET,BILS,1456974088.64827,1456974190.67603,0,102.027,10485760000
FUNET,BILS,1456974512.70554,1456974656.40259,0,143.697,10485760000
FUNET,BILS,1456974986.11919,1456975124.12151,0,138.002,10485760000
FUNET,BILS,1456975468.92837,1456975620.23367,0,151.305,10485760000
FUNET,BILS,1456975939.17435,1456976069.08863,0,129.914,10485760000
FUNET,BILS,1456976410.68338,1456976517.90582,0,107.222,10485760000
FUNET,BILS,1456976835.01259,1456976953.15826,0,118.145,10485760000
FUNET,BILS,1456977296.32204,1456977401.08071,0,104.758,10485760000
FUNET,BILS,1456977736.75884,1456977865.83337,0,129.074,10485760000
FUNET,BILS,1456978203.28845,1456978344.80661,0,141.518,10485760000
FUNET,BILS,1456978688.28703,1456978836.62903,0,148.342,10485760000
FUNET,BILS,1456979176.76247,1456979327.10572,0,150.343,10485760000
FUNET,BILS,1456979647.02525,1456979764.48684,0,117.461,10485760000
FUNET,BILS,1456980094.60474,1456980214.75738,0,120.152,10485760000
FUNET,BILS,1457000721.96639,1457000740.89391,0,18.927,1048576000
FUNET,BILS,1457000814.05856,1457000831.6266,0,17.568,1048576000
FUNET,BILS,1457000900.40321,1457000916.74275,0,16.339,1048576000
FUNET,BILS,1457000990.62872,1457001005.16456,0,14.535,1048576000
FUNET,BILS,1457001076.82389,1457001090.08644,0,13.262,1048576000
FUNET,BILS,1457001161.13039,1457001176.55794,0,15.427,1048576000
FUNET,BILS,1457001251.10983,1457001264.51351,0,13.403,1048576000
FUNET,BILS,1457001336.85504,1457001350.60215,0,13.747,1048576000
FUNET,BILS,1457001420.60415,1457001434.96004,0,14.355,1048576000
FUNET,BILS,1457001514.18467,1457001529.05112,0,14.866,1048576000
FUNET,BILS,1457001602.3797,1457001618.30602,0,15.926,1048576000
FUNET,BILS,1457001688.75686,1457001703.12023,0,14.363,1048576000
FUNET,BILS,1457001777.03043,1457001790.41769,0,13.387,1048576000
FUNET,BILS,1457001858.72624,1457001874.3025,0,15.576,1048576000
FUNET,BILS,1457001945.90844,1457001962.37101,0,16.462,1048576000
FUNET,BILS,1457002035.68558,1457002051.34506,0,15.659,1048576000
FUNET,BILS,1457002124.8616,1457002141.9862,0,17.124,1048576000
FUNET,BILS,1457002213.01595,1457002225.62929,0,12.613,1048576000
FUNET,BILS,1457002299.43583,1457002313.19267,0,13.756,1048576000
FUNET,BILS,1457002387.20716,1457002400.94946,0,13.742,1048576000
FUNET,BILS,1457002474.46553,1457002487.6692,0,13.203,1048576000
FUNET,BILS,1457002561.09377,1457002579.12323,0,18.029,1048576000
FUNET,BILS,1457002651.83808,1457002665.15809,0,13.32,1048576000
FUNET,BILS,1457002736.75493,1457002749.58629,0,12.831,1048576000
FUNET,BILS,1457002818.66977,1457002832.34607,0,13.676,1048576000
FUNET,BILS,1457002904.73341,1457002920.68655,0,15.953,1048576000
FUNET,BILS,1457002989.32819,1457003004.66787,0,15.339,1048576000
FUNET,BILS,1457003074.50466,1457003091.93011,0,17.425,1048576000
FUNET,BILS,1457003164.0887,1457003177.7425,0,13.653,1048576000
FUNET,BILS,1457003250.65756,1457003264.06664,0,13.409,1048576000
FUNET,BILS,1457003337.96053,1457003357.69967,0,19.739,1048576000
FUNET,BILS,1457003429.63288,1457003445.7014,0,16.068,1048576000
FUNET,BILS,1457003517.63411,1457003530.42465,0,12.79,1048576000
FUNET,BILS,1457003602.47687,1457003615.97321,0,13.496,1048576000
FUNET,BILS,1457003689.43901,1457003703.69593,0,14.256,1048576000
FUNET,BILS,1457003777.68792,1457003791.97679,0,14.288,1048576000
FUNET,BILS,1457003865.39165,1457003882.4129,0,17.021,1048576000
FUNET,BILS,1457003952.98453,1457003968.15314,0,15.168,1048576000
FUNET,BILS,1457004042.00743,1457004055.12673,0,13.119,1048576000
FUNET,BILS,1457004128.79945,1457004151.72116,0,22.921,1048576000
FUNET,BILS,1457004221.78919,1457004234.7133,0,12.924,1048576000
FUNET,BILS,1457004302.68689,1457004317.62212,0,14.935,1048576000
FUNET,BILS,1457004389.0464,1457004407.93405,0,18.887,1048576000
FUNET,BILS,1457004478.04423,1457004491.37376,0,13.329,1048576000
FUNET,BILS,1457004564.32153,1457004577.84798,0,13.526,1048576000
FUNET,BILS,1457004647.46699,1457004662.88774,0,15.42,1048576000
FUNET,BILS,1457004736.68155,1457004751.55194,0,14.87,1048576000
FUNET,BILS,1457004821.18845,1457004837.98492,0,16.796,1048576000
FUNET,BILS,1457004911.33467,1457004924.41039,0,13.075,1048576000
FUNET,BILS,1457004995.20928,1457005008.25968,0,13.05,1048576000
FUNET,BILS,1457005081.90984,1457005107.49194,0,25.582,1048576000
FUNET,BILS,1457005181.82382,1457005202.29587,0,20.472,1048576000
FUNET,BILS,1457009436.31617,1457009462.98573,0,26.669,1048576000
FUNET,BILS,1457009535.94479,1457009548.79776,0,12.852,1048576000
FUNET,BILS,1457009618.62426,1457009633.12898,0,14.504,1048576000
FUNET,BILS,1457009702.97103,1457009716.41516,0,13.444,1048576000
FUNET,BILS,1457009790.23437,1457009805.52197,0,15.287,1048576000
FUNET,BILS,1457009897.71439,1457009910.4565,0,12.742,1048576000
FUNET,BILS,1457009980.12889,1457009992.96756,0,12.838,1048576000
FUNET,BILS,1457010062.31799,1457010075.0305,0,12.712,1048576000
FUNET,BILS,1457010146.67751,1457010159.69716,0,13.019,1048576000
FUNET,BILS,1457010230.62599,1457010245.04227,0,14.416,1048576000
FUNET,BILS,1457010317.02071,1457010329.98395,0,12.963,1048576000
FUNET,BILS,1457010403.67248,1457010416.94386,0,13.271,1048576000
FUNET,BILS,1457010485.74463,1457010501.46436,0,15.719,1048576000
FUNET,BILS,1457010571.46284,1457010585.75089,0,14.288,1048576000
FUNET,BILS,1457010659.48781,1457010677.73806,0,18.25,1048576000
FUNET,BILS,1457010748.48288,1457010760.96245,0,12.479,1048576000
FUNET,BILS,1457010829.58455,1457010843.94684,0,14.362,1048576000
FUNET,BILS,1457010913.07727,1457010925.99286,0,12.915,1048576000
FUNET,BILS,1457010993.85332,1457011006.36469,0,12.511,1048576000
FUNET,BILS,1457011074.82457,1457011094.24128,0,19.416,1048576000
FUNET,BILS,1457011163.45987,1457011177.41279,0,13.952,1048576000
FUNET,BILS,1457011245.45882,1457011258.53602,0,13.077,1048576000
FUNET,BILS,1457011328.19741,1457011341.17691,0,12.979,1048576000
FUNET,BILS,1457011410.54233,1457011427.33436,0,16.792,1048576000
FUNET,BILS,1457011497.62157,1457011514.37541,0,16.753,1048576000
FUNET,BILS,1457011587.80535,1457011600.93067,0,13.125,1048576000
FUNET,BILS,1457011672.78715,1457011686.61742,0,13.83,1048576000
FUNET,BILS,1457011756.01156,1457011773.35838,0,17.346,1048576000
FUNET,BILS,1457011852.15146,1457011866.19941,0,14.047,1048576000
FUNET,BILS,1457011938.14303,1457011951.70584,0,13.562,1048576000
FUNET,BILS,1457012023.74186,1457012038.27653,0,14.534,1048576000
FUNET,BILS,1457012112.24365,1457012129.66764,0,17.423,1048576000
FUNET,BILS,1457012199.13329,1457012213.10898,0,13.975,1048576000
FUNET,BILS,1457012283.09753,1457012295.91629,0,12.818,1048576000
FUNET,BILS,1457012369.00959,1457012383.89801,0,14.888,1048576000
FUNET,BILS,1457012452.58292,1457012471.90346,0,19.32,1048576000
FUNET,BILS,1457012544.89794,1457012557.23612,0,12.338,1048576000
FUNET,BILS,1457012631.02833,1457012643.56793,0,12.539,1048576000
FUNET,BILS,1457012715.237,1457012732.34244,0,17.105,1048576000
FUNET,BILS,1457012806.21101,1457012819.81146,0,13.6,1048576000
FUNET,BILS,1457012892.97851,1457012905.08256,0,12.104,1048576000
FUNET,BILS,1457012978.68321,1457012992.38575,0,13.702,1048576000
FUNET,BILS,1457013065.95215,1457013081.91147,0,15.959,1048576000
FUNET,BILS,1457013151.61936,1457013164.85896,0,13.239,1048576000
FUNET,BILS,1457013237.92484,1457013250.23318,0,12.308,1048576000
FUNET,BILS,1457013320.94755,1457013338.15295,0,17.205,1048576000
FUNET,BILS,1457013412.14054,1457013425.57961,0,13.439,1048576000
FUNET,BILS,1457013494.21744,1457013512.62073,0,18.403,1048576000
FUNET,BILS,1457013581.2872,1457013600.96084,0,19.673,1048576000
FUNET,BILS,1457013669.05265,1457013683.08953,0,14.036,1048576000
FUNET,BILS,1457013753.57259,1457013770.43535,0,16.862,1048576000
